,time,year,month,mom6m,mom12m,chmom,mom126m,bmom1m
0,0,1980,1,0.023016779900000003,0.0432833413,-0.019630013,0.04264679290000001,1
1,1,1980,2,0.0399167096,0.0472763433,-0.009960923,0.0498776326,1
2,2,1980,3,-0.04453789,-0.060337820999999986,-0.010357318,-0.03418057199999999,1
3,3,1980,4,0.0437125206,0.0483514235,-0.027405585,0.0711181056,1
4,4,1980,5,-0.030408829,-0.017396418,-0.034547862,0.004139033,1
5,5,1980,6,0.0106586764,0.026072084900000004,-0.031133274,0.0417919504,1
6,6,1980,7,0.0052437401,0.0131295711,-0.032955509,0.0381992491,1
7,7,1980,8,-0.027425499,0.0145643256,-0.04305562,0.015630121000000004,0
8,8,1980,9,-0.006432938000000001,0.0349009068,-0.051328087,0.044895149,1
9,9,1980,10,0.0552585338,0.0673254073,0.0300199671,0.025238566700000003,0
10,10,1980,11,0.0822926432,0.1342404057,-0.009430659,0.0917233022,0
11,11,1980,12,-0.051293198,-0.032341681000000004,-0.048477267,-0.0028159310000000007,1
12,12,1981,1,-0.070735393,-0.083102915,-0.071941067,0.0012056740000000038,1
13,13,1981,2,-0.032830163,-0.020069906,-0.038519988,0.005689824999999996,0
14,14,1981,3,-0.009794365,0.0081102433,-0.045400298,0.035605933,1
15,15,1981,4,-0.001968025,0.0096458223,-0.001810207,-0.0001578179999999999,1
16,16,1981,5,0.0419626477,0.0395971546,0.0045323575,0.0374302902,0
17,17,1981,6,0.0367275248,-0.027949124,0.052550355,-0.0158228302,1
18,18,1981,7,-0.031761481,-0.009458355,-0.017082843,-0.014678638,1
19,19,1981,8,0.0010993127,-0.003017638,0.0108747609,-0.0097754482,0
20,20,1981,9,0.0385572735,0.0303155702,0.0262908592,0.012266414300000004,0
21,21,1981,10,0.0196130317,0.0455176241,-0.036392235,0.0560052667,1
22,22,1981,11,0.06694769099999999,0.0541714557,0.008882626800000001,0.05806506419999999,1
23,23,1981,12,0.0247955613,0.0309128242,-0.010239399,0.0350349603,1
24,24,1982,1,-0.030409355,-0.019780806,-0.031101556,0.0006922009999999999,1
25,25,1982,2,0.0317699915,0.0322329962,0.011482281,0.020287710499999997,0
26,26,1982,3,0.0236910348,0.0197401446,-0.002561938,0.0262529728,1
27,27,1982,4,0.0123579599,0.0093444853,0.000354036,0.0120039239,1
28,28,1982,5,0.023755384,0.0268840594,0.0022692771,0.0214861069,1
29,29,1982,6,0.0668292487,0.0714720676,0.0288344927,0.037994756,0
30,30,1982,7,0.04851882,0.0447552746,0.0218483835,0.0266704365,1
31,31,1982,8,-0.024482942,-0.010896918,-0.034267816,0.009784873999999999,1
32,32,1982,9,0.0770599892,0.0989687217,-0.006957128000000001,0.0840171172,1
33,33,1982,10,0.0191573082,0.0463068402,0.0014827969,0.0176745113,1
34,34,1982,11,0.0887617518,0.0804177412,0.0198443142,0.06891743759999999,1
35,35,1982,12,-0.0007357889999999999,0.0115897348,-0.015083471,0.014347681999999999,1
36,36,1983,1,-0.059491038,-0.114286484,-0.029324862,-0.030166176000000003,1
37,37,1983,2,0.0398176116,0.0675132292,-0.031488571,0.07130618259999999,1
38,38,1983,3,0.0042062763,0.0200067786,-0.009386484,0.0135927603,1
39,39,1983,4,0.007707408299999999,0.0283893768,0.0097364022,-0.0020289939000000022,1
40,40,1983,5,-0.036900221,-0.061297037,0.0152394692,-0.0521396902,1
41,41,1983,6,0.0220566942,-0.00570385,0.0067832599,0.015273434300000001,1
42,42,1983,7,-0.015100848,-0.047118381,0.0283371824,-0.0434380304,1
43,43,1983,8,-0.017873835,-0.026907036,0.0201534583,-0.0380272933,0
44,44,1983,9,-0.000216081,0.019119355,-0.024403644,0.024187563,1
45,45,1983,10,0.0063960536,-0.02985434,0.0242319363,-0.0178358827,0
46,46,1983,11,-0.019582909,0.0421146875,-0.070878918,0.051296009000000004,1
47,47,1983,12,0.0343511206,0.0141078492,0.0233643651,0.0109867555,1
48,48,1984,1,-0.02740895,-0.042731945,0.0023787636,-0.0297877136,1
49,49,1984,2,0.0153191247,-0.004617242,0.0217471019,-0.006427977199999999,1
50,50,1984,3,0.0171683227,0.0206823692,-0.011544608,0.0287129307,1
51,51,1984,4,0.0300787075,0.0377762743,-0.003723451,0.0338021585,1
52,52,1984,5,0.0107796405,0.0254441957,-0.019355685,0.0301353255,1
53,53,1984,6,0.0049433824,0.0190669815,-0.035332993,0.0402763754,1
54,54,1984,7,0.0361302173,0.0588495602,-0.020533088,0.05666330530000001,1
55,55,1984,8,-0.017616768,-0.006998621,-0.03650219,0.018885421999999995,1
56,56,1984,9,0.01565884,0.0345624821,-0.028057699,0.043716539,1
57,57,1984,10,0.0559423044,0.06906052019999999,0.0140915891,0.041850715299999994,1
58,58,1984,11,0.0380110475,0.0361243182,0.0130723876,0.0249386599,1
59,59,1984,12,0.0216906141,0.0207846666,-0.002004388,0.023695002099999998,1
60,60,1985,1,-0.061231452,-0.090515125,-0.005478854,-0.055752598,1
61,61,1985,2,-0.030528201,-0.026669996,-0.047202574,0.016674372999999996,1
62,62,1985,3,0.0057226266,0.0235574717,-0.015245901,0.0209685276,1
63,63,1985,4,0.026131409100000003,0.0422200429,0.010077197,0.016054212100000003,0
64,64,1985,5,0.0241897911,0.0443733452,-0.005174203,0.0293639941,0
65,65,1985,6,0.0254659225,0.051942017400000005,-0.014400135,0.0398660575,0
66,66,1985,7,-0.001635139,-0.012603891,-0.010536117,0.008900977999999999,1
67,67,1985,8,0.0274623501,0.0135530169,0.0276914797,-0.00022912959999999913,1
68,68,1985,9,0.024435453,0.0228522516,0.0130691005,0.0113663525,0
69,69,1985,10,0.0495548493,0.0716544172,-0.011775563,0.0613304123,1
70,70,1985,11,0.0154941979,0.0283321232,-0.024998727,0.0404929249,1
71,71,1985,12,0.0103936095,0.033425559300000005,-0.01610082,0.0264944295,1
72,72,1986,1,0.0021840776,0.0004387933,-0.02983078,0.0320148576,1
73,73,1986,2,0.0232140026,0.0098390298,-0.001141044,0.0243550466,0
74,74,1986,3,0.0147989623,0.0158154166,-0.006224972,0.021023934299999998,1
75,75,1986,4,0.0295963293,0.0270025267,0.0122102348,0.0173860945,1
76,76,1986,5,0.0137401746,0.038223014,-0.017657473,0.0313976476,1
77,77,1986,6,0.0141602103,0.024082835,0.0112224842,0.0029377260999999995,0
78,78,1986,7,0.005359716800000001,-0.00191109,0.0019511794,0.0034085374000000007,0
79,79,1986,8,-0.017120997,-0.009070474,-0.032292162,0.015171165,1
80,80,1986,9,-0.014491557,-0.041250518,0.0240737208,-0.0385652778,1
81,81,1986,10,0.0208480098,0.0605927617,-0.059840561,0.0806885708,1
82,82,1986,11,-0.010012261,-0.001464984,-0.022354786,0.012342525000000002,1
83,83,1986,12,0.010153414,0.0069905981,-0.00208871,0.012242124,1
84,84,1987,1,0.002199332,-0.017031352,0.0079766136,-0.0057772816,1
85,85,1987,2,-0.029527157,-0.020690473,-0.013180177,-0.016346979999999997,1
86,86,1987,3,-0.0006817819999999999,-0.001132314,0.0025223942,-0.0032041761999999996,1
87,87,1987,4,0.0254864168,0.0194716146,0.0037923853,0.021694031500000002,1
88,88,1987,5,0.0097827598,-0.013807163,0.0185367895,-0.0087540297,1
89,89,1987,6,-0.011066281,0.0142480996,-0.011542804,0.00047652299999999953,0
90,90,1987,7,0.0297631992,0.0369311487,0.0275904809,0.002172718300000001,0
91,91,1987,8,-0.005942586,0.007931697,-0.025580387000000003,0.019637801000000003,1
92,92,1987,9,0.0008590474000000001,0.0094423575,-0.007836638,0.0086956854,1
93,93,1987,10,-0.002299294,-0.033510371000000004,0.0134984418,-0.0157977358,0
94,94,1987,11,0.0433514068,0.0344736065,-9.2708e-05,0.043444114799999996,1
95,95,1987,12,0.0313264692,0.0933832245,-0.082989794,0.1143162632,1
96,96,1988,1,-0.083708645,-0.09503134,-0.050942805,-0.03276584,1
97,97,1988,2,-0.0291263,0.0015287959,-0.068403496,0.03927719599999999,1
98,98,1988,3,-0.021150814,-0.000614389,-0.043219372,0.022068558,1
99,99,1988,4,-0.000506115,0.0102111906,-0.025257814,0.024751699,1
100,100,1988,5,-0.006915180999999999,0.007340853,-0.021068722,0.014153541000000002,1
101,101,1988,6,0.0309503769,0.0071607934,0.0365485789,-0.0055982020000000035,1
102,102,1988,7,-0.007708455,-0.011630835,-0.006769557,-0.0009388980000000005,1
103,103,1988,8,-0.001940163,0.005973375,0.0007002509,-0.0026404139,1
104,104,1988,9,0.007655125,0.0190183892,-0.005093502,0.012748626999999998,1
105,105,1988,10,0.0250331135,0.0435490641,0.0004412437,0.0245918698,0
106,106,1988,11,0.0252023674,0.0231887481,0.0006520362,0.0245503312,1
107,107,1988,12,0.006804811500000001,0.0234844328,-0.036892383,0.0436971945,1
108,108,1989,1,-0.02734965,-0.026027743,-0.016348845,-0.011000804999999999,1
109,109,1989,2,-0.002447073,0.0091821779,-0.015734742,0.013287668999999998,1
110,110,1989,3,0.017034508700000003,0.0259968283,-0.00139861,0.018433118700000004,0
111,111,1989,4,0.0130478748,0.0172423143,-0.004403621,0.0174514958,1
112,112,1989,5,0.0080109385,0.0234630706,0.0130689031,-0.005057964599999999,0
113,113,1989,6,-0.020046686,0.0021700315,-0.024092033,0.004045346999999998,1
114,114,1989,7,0.054130944,0.0645065549,0.0155927867,0.0385381573,1
115,115,1989,8,0.01167146,0.0315373599,-0.020112788,0.031784248,1
116,116,1989,9,0.0125160559,0.0184689757,0.0037839877,0.0087320682,1
117,117,1989,10,0.0021738863,0.0074371849,0.0012706372,0.0009032490999999999,0
118,118,1989,11,0.033368042,0.0453996674,0.0005301201000000001,0.0328379219,0
119,119,1989,12,0.0260137417,0.0409376371,-0.005032199,0.0310459407,0
120,120,1990,1,-0.047824497,-0.074583889,0.0101340535,-0.0579585505,1
121,121,1990,2,0.0062113252,-0.002298775,0.0029343282,0.0032769970000000002,1
122,122,1990,3,-0.01722075,0.0058667963,-0.033130966,0.015910215999999998,1
123,123,1990,4,0.002904757,0.0078794602,0.0164369524,-0.013532195399999999,1
124,124,1990,5,0.0369956424,0.0506840958,-0.003074113,0.040069755400000004,1
125,125,1990,6,0.0142478591,0.0224766139,0.0203845881,-0.0061367290000000005,1
126,126,1990,7,0.008001404699999999,-0.001619312,-0.012525108,0.0205265127,1
127,127,1990,8,-0.018841832,0.0026782843,-0.029139844,0.010298012000000002,1
128,128,1990,9,0.0131079165,0.0301288958,0.0053198018,0.0077881147,0
129,129,1990,10,0.0442670947,0.0335880973,-0.011537276,0.0558043707,1
130,130,1990,11,-0.026057351,-0.016870711,-0.046940927,0.020883576,1
131,131,1990,12,0.0584106632,0.07738033150000001,-0.015362671,0.0737733342,1
132,132,1991,1,-0.148733762,-0.124095827,-0.066299218,-0.082434544,1
133,133,1991,2,-0.13659704,-0.140482442,-0.051363274,-0.085233766,1
134,134,1991,3,-0.026151756,-0.042768799,-0.031238571,0.005086814999999998,1
135,135,1991,4,-0.039933374,-0.033769541,-0.06013829,0.020204915999999996,1
136,136,1991,5,0.0183663811,0.0522826084,0.004307856,0.0140585251,1
137,137,1991,6,-0.0233014,-0.007024461,-0.03299719,0.009695790000000003,1
138,138,1991,7,0.0172112652,0.0284320115,-0.011287827,0.0284990922,1
139,139,1991,8,-0.00941914,0.0037705064,-0.016478293,0.007059153000000002,1
140,140,1991,9,0.0298247582,0.0387529339,0.0084566406,0.0213681176,1
141,141,1991,10,-0.001050385,0.0323785368,-0.019759849,0.018709464,1
142,142,1991,11,0.0090617397,-0.019785242,0.025291354,-0.0162296143,1
143,143,1991,12,0.0973385567,0.1211063973,-0.045263349,0.1426019057,1
144,144,1992,1,-0.181081017,-0.198436117,-0.070632236,-0.11044878100000001,1
145,145,1992,2,-0.063012477,-0.056516922,-0.02258487,-0.040427607,0
146,146,1992,3,-0.02194353,-0.035775884,0.0174096486,-0.0393531786,0
147,147,1992,4,-0.01740741,-0.016389024,0.0016026107999999998,-0.019010020800000003,0
148,148,1992,5,-0.013766901000000002,-0.020315139,-0.001832451,-0.011934450000000001,1
149,149,1992,6,0.0188801087,-0.001299491,0.0156020049,0.0032781037999999978,1
150,150,1992,7,-0.002738978,0.026561862400000004,-0.031083322000000007,0.028344344000000007,1
151,151,1992,8,-0.000406064,0.001193148,-0.012966291,0.012560227,1
152,152,1992,9,0.0203130605,0.0290005368,0.0118636804,0.0084493801,1
153,153,1992,10,0.0173955976,0.0225385405,-0.009593112,0.0269887096,1
154,154,1992,11,0.012970367,0.0155986377,-0.023061491,0.036031858,1
155,155,1992,12,0.0170131849,0.0410645844,-0.027726973,0.044740157899999994,1
156,156,1993,1,-0.045521597,-0.018441357,-0.079486712,0.033965115000000004,1
157,157,1993,2,-0.029437272,0.0162272225,-0.05870030900000001,0.029263037000000013,1
158,158,1993,3,0.0213353936,0.0376560421,-0.010914695,0.0322500886,1
159,159,1993,4,0.0096097921,0.0054902482,-0.015786525,0.0253963171,1
160,160,1993,5,-0.011737638,0.0011680467,-0.006677546,-0.0050600919999999995,1
161,161,1993,6,0.0231107264,0.0293526849,-0.015068217,0.0381789434,1
162,162,1993,7,0.0195178751,0.0044895051,0.0138465434,0.005671331699999999,1
163,163,1993,8,0.0036524256,0.0318376612,-0.027668548,0.0313209736,1
164,164,1993,9,0.0287210211,0.0333629906,0.0050906326000000005,0.023630388500000002,0
165,165,1993,10,-0.023407852000000003,-0.020154511,-0.007301293,-0.016106559000000003,1
166,166,1993,11,-0.012471055,-0.014991096,-0.0060005480000000005,-0.0064705069999999995,1
167,167,1993,12,0.0248296268,0.0410556524,-0.028120066000000003,0.0529496928,1
168,168,1994,1,-0.028498526,-0.033241494,-0.021428596,-0.007069929999999999,1
169,169,1994,2,0.0021508341,-0.019013194,0.015132623700000004,-0.012981789600000003,1
170,170,1994,3,-0.012295198,-0.021648038,0.0018403008,-0.0141354988,1
171,171,1994,4,0.05721841110000001,0.044331832,0.0025121889,0.054706222200000015,1
172,172,1994,5,-0.011450676000000002,-0.030086996,-0.002175865,-0.009274811,1
173,173,1994,6,0.0163264612,0.000276381,0.0191128958,-0.002786434600000002,0
174,174,1994,7,0.012109693700000002,0.021950492,-0.012238444,0.0243481377,1
175,175,1994,8,-0.005136505,0.006859993000000001,-0.025484001000000003,0.020347496000000003,1
176,176,1994,9,0.0028617093,0.0109918777,-0.012279395,0.0151411043,1
177,177,1994,10,0.035505438,0.0435211268,0.0024958413,0.0330095967,1
178,178,1994,11,0.0354526848,0.0235777248,0.0134003833,0.022052301500000003,0
179,179,1994,12,0.0612446639,0.06914089080000001,-0.00991149,0.0711561539,1
180,180,1995,1,-0.070313313,-0.06718763900000001,-0.054236823,-0.01607649,1
181,181,1995,2,0.0061851602,0.0162965259,-0.008558712,0.0147438722,1
182,182,1995,3,0.0188441554,0.0232429464,-0.004721184000000001,0.0235653394,1
183,183,1995,4,0.0219916078,0.0215460504,-0.007680369,0.0296719768,1
184,184,1995,5,0.0007748825999999999,0.0152181423,0.0033702104,-0.0025953278,0
185,185,1995,6,0.0257201757,0.0139877217,0.012632599,0.0130875767,0
186,186,1995,7,0.0202849717,0.0259360855,0.0052646626,0.0150203091,1
187,187,1995,8,0.0143191343,-0.005134581,-0.005110137,0.0194292713,1
188,188,1995,9,0.0054850777,0.0135501703,-0.013689786,0.019174863700000003,1
189,189,1995,10,0.0302110224,0.0458954097,-0.000980679,0.0311917014,0
190,190,1995,11,0.0542688477,0.0648663565,0.005526131,0.048742716699999994,1
191,191,1995,12,0.0497051305,0.0492109276,0.0025009695,0.047204161,0
192,192,1996,1,-0.046678105,-0.061480317,-0.026516255,-0.02016185,1
193,193,1996,2,0.0025102163,-0.01753884,-0.002918086,0.0054283023,1
194,194,1996,3,-0.014836128999999997,-0.020580445,-0.002597553,-0.012238575999999998,1
195,195,1996,4,-0.007877666,0.0166191299,-0.033051231,0.025173565000000002,1
196,196,1996,5,-0.000463742,-0.017067438,0.0050545496,-0.0055182916,1
197,197,1996,6,-0.009238016,-0.003386356,-0.018680381,0.009442365,1
198,198,1996,7,-0.021607838,-0.007649096,-0.011992543,-0.009615295000000001,0
199,199,1996,8,0.0125409045,0.0307336991,-0.008225327,0.0207662315,1
200,200,1996,9,0.0166389761,0.0438202186,-0.011859221,0.0284981971,1
201,201,1996,10,0.0572940759,0.0489248288,0.032005063,0.025289012899999998,0
202,202,1996,11,0.0005491854,-0.002321893,0.0116756129,-0.0111264275,0
203,203,1996,12,0.0768377214,0.0747908661,0.0188063714,0.05803135,0
204,204,1997,1,-0.06771763,-0.063817099,-0.046679481,-0.021038149,1
205,205,1997,2,-0.018610534,-0.018142618,-0.00758516,-0.011025374000000001,1
206,206,1997,3,0.0290257779,0.0382469266,-0.007034001999999999,0.0360597799,0
207,207,1997,4,0.0420531925,0.051443564800000015,0.008516016500000001,0.033537176,1
208,208,1997,5,-0.023655046,-0.028649625,-0.028735134,0.005080088,1
209,209,1997,6,0.0408303686,0.0457077707,-0.003371167,0.0442015356,1
210,210,1997,7,0.0493923053,0.054938216100000006,-0.007614185,0.057006490300000004,1
211,211,1997,8,-0.005757438,-0.009527991,-0.008223646999999999,0.0024662089999999987,1
212,212,1997,9,0.0057518087,0.015771064799999998,-0.017766094,0.0235179027,1
213,213,1997,10,-0.029421313,-0.024711825,-0.034621105,0.005199791999999998,1
214,214,1997,11,0.0194683999,0.058682106,-0.020744231,0.0402126309,0
215,215,1997,12,0.0921751038,0.1228529313,0.0168018141,0.07537328970000001,0
216,216,1998,1,-0.077184746,-0.08354558,-0.071225169,-0.005959576999999994,1
217,217,1998,2,-0.007698964,0.0049512794,-0.032969897000000005,0.025270933000000006,1
218,218,1998,3,0.036294812,0.026278506,0.0125631969,0.023731615100000002,1
219,219,1998,4,-0.017398989,-0.017909979,-0.009732617,-0.007666371999999999,1
220,220,1998,5,0.0246363681,0.0200262498,0.0079557392,0.0166806289,0
221,221,1998,6,0.0975709142,0.08169566660000001,0.030227429,0.0673434852,0
222,222,1998,7,0.012558357,0.0249002838,-0.000703359,0.013261716,1
223,223,1998,8,0.014560461499999997,0.028965108,-0.008774944,0.023335405499999996,0
224,224,1998,9,0.044788562699999986,0.047265431600000005,-0.038225578,0.08301414069999999,1
225,225,1998,10,-0.045132828,-0.036398268,-0.064700779,0.019567951,1
226,226,1998,11,-0.045495924000000014,-0.026249148,-0.042257162,-0.003238762000000013,1
227,227,1998,12,0.1099585136,0.1135089953,-0.010562306,0.1205208196,0
228,228,1999,1,-0.098486151,-0.120948429,-0.032329958,-0.066156193,1
229,229,1999,2,-0.021279995,0.00012586270000000002,-0.03036288,0.009082884999999999,1
230,230,1999,3,0.0106157684,0.023620809,-0.000211458,0.010827226399999999,1
231,231,1999,4,0.0048940885,-0.030394061,0.0222931459,-0.017399057399999997,1
232,232,1999,5,-0.0533104,-0.052220229000000014,-0.032388859,-0.020921541000000002,1
233,233,1999,6,0.035494032,0.0525158665,0.0016472779,0.0338467541,0
234,234,1999,7,0.0010592548,-0.017195238999999998,0.0061261352000000005,-0.0050668804,1
235,235,1999,8,0.0542099599,0.0454731535,0.0220866771,0.0321232828,0
236,236,1999,9,0.030682715,0.0597333205,0.0059126822,0.0247700328,0
237,237,1999,10,0.0749753104,0.1030209958,-0.014018475,0.0889937854,1
238,238,1999,11,-0.013626603,0.0445683313,-0.066234073,0.05260747,1
239,239,1999,12,0.0922382496,0.1024258085,0.0501599714,0.0420782782,0
240,240,2000,1,-0.047901221,-0.083169217,-0.023824102000000003,-0.024077118999999998,1
241,241,2000,2,0.19644293420000006,0.1476200335,0.2070865759,-0.010643641699999928,0
242,242,2000,3,-0.060966443,-0.026553741,-0.121032304,0.06006586099999999,1
243,243,2000,4,-0.10037679,-0.059155846,-0.115585732,0.015208942000000003,0
244,244,2000,5,-0.07940064299999999,-0.04697279,-0.05972511,-0.019675532999999995,0
245,245,2000,6,0.161433963,0.1767725888,0.0083180467,0.15311591630000002,1
246,246,2000,7,-0.002826205,-0.047280626,0.0140166105,-0.0168428155,1
247,247,2000,8,0.0907592267,0.0918603265,-0.001202698,0.0919619247,1
248,248,2000,9,0.1183286343,0.0487519246,0.116260184,0.0020684502999999965,0
249,249,2000,10,0.0852999851,0.0118702271,0.0748712875,0.010428697600000009,0
250,250,2000,11,0.1183113922,0.0075698741,0.1553410992,-0.037029706999999995,0
251,251,2000,12,0.1786293519,0.1769476701,0.0778157958,0.1008135561,0
252,252,2001,1,-0.568180393,-0.597303202,-0.350675408,-0.21750498499999998,1
253,253,2001,2,0.1510753128,0.0876133859,0.0734608584,0.0776144544,1
254,254,2001,3,0.1381950817,0.116218757,0.031814940699999995,0.10638014100000001,0
255,255,2001,4,-0.040237716,-0.011418021,-0.094296969,0.054059252999999995,1
256,256,2001,5,0.0130166347,0.0047771315,0.0113107795,0.0017058552000000001,1
257,257,2001,6,0.0472727084,0.0435261784,0.024515614900000003,0.0227570935,0
258,258,2001,7,0.06259932650000001,0.0831522913,-0.0196633,0.08226262650000002,0
259,259,2001,8,0.0757630236,0.06002948280000001,0.0525165911,0.023246432500000004,0
260,260,2001,9,0.0746029995,0.1143240903,-0.021758162,0.0963611615,0
261,261,2001,10,-0.08461660900000001,-0.092445578,-0.020614097,-0.06400251200000001,1
262,262,2001,11,-0.090228471,-0.08031101,-0.017227377,-0.073001094,0
263,263,2001,12,-0.039367981,-0.022740502000000003,-0.009824192,-0.029543789,1
264,264,2002,1,0.0152222551,0.0178772429,-0.013986951,0.0292092061,1
265,265,2002,2,0.0371778253,0.1024858036,-0.036035899,0.0732137243,0
266,266,2002,3,-0.026205475,-0.033227897,-0.006042321,-0.020163154,1
267,267,2002,4,0.0164381371,0.0593680073,-0.018417568,0.034855705099999995,1
268,268,2002,5,0.0391724542,0.0769698453,0.0094907854,0.029681668799999998,0
269,269,2002,6,0.1069063056,0.1214454041,0.0421158765,0.06479042909999999,0
270,270,2002,7,0.0261824379,0.0320311733,-0.006706849,0.0328892869,1
271,271,2002,8,-0.007306622,-0.001816823,-0.03108783,0.023781208,1
272,272,2002,9,0.1039302112,0.1082405117,0.036205286,0.0677249252,1
273,273,2002,10,-0.094794382,-0.036751906,-0.103994038,0.009199656,1
274,274,2002,11,-0.311542238,-0.276541241,-0.071369819,-0.24017241900000003,1
275,275,2002,12,0.1210996005,0.1391188937,-0.068249872,0.1893494725,1
276,276,2003,1,0.007091095400000001,-0.011675746,0.0275955056,-0.0205044102,1
277,277,2003,2,0.0343224247,0.0348762681,0.0145957341,0.0197266906,0
278,278,2003,3,0.0079396786,0.006342510500000001,0.0221422915,-0.014202612900000001,1
279,279,2003,4,-0.036602807,-0.105789113,0.0388516117,-0.0754544187,1
280,280,2003,5,-0.109389776,-0.252307924,0.1134090601,-0.2227988361,0
281,281,2003,6,-0.028608041,-0.069932368,0.0201251843,-0.0487332253,0
282,282,2003,7,0.0307643859,0.0210195796,0.0144496807,0.0163147052,1
283,283,2003,8,-0.007379366,0.0038690622,0.001813215,-0.009192581,1
284,284,2003,9,-0.003647721,-0.044900546,0.0112065792,-0.0148543002,1
285,285,2003,10,0.0574661393,0.0452950722,0.0347413577,0.0227247816,0
286,286,2003,11,0.0249161208,0.0281152907,0.02380737,0.001108750799999999,0
287,287,2003,12,-0.046736415,-0.040345357000000005,-0.03490709,-0.011829325000000002,1
288,288,2004,1,-0.008736244,0.0032766945000000003,-0.035409861,0.026673617,1
289,289,2004,2,0.021604342,-0.009880647,0.0228067695,-0.0012024275000000022,1
290,290,2004,3,0.0064327507,-0.008856095,0.0249319288,-0.0184991781,0
291,291,2004,4,-0.019620109,-0.051357439000000005,0.0218102395,-0.0414303485,0
292,292,2004,5,0.0196608042,0.0391349554,-0.002410231,0.0220710352,1
293,293,2004,6,0.014692988999999997,0.0114666393,0.0079253701,0.006767618899999996,1
294,294,2004,7,0.0451088345,0.0043994142,0.0483425954,-0.0032337609000000003,0
295,295,2004,8,-0.002492887,-0.003390671,0.005573981800000001,-0.008066868800000002,0
296,296,2004,9,0.0304526234,0.0428652441,0.001074345,0.0293782784,1
297,297,2004,10,-0.001623672,-0.010130206,0.01255027,-0.014173942,1
298,298,2004,11,-0.031939671,-0.030275718,-0.029338593,-0.002601078000000003,1
299,299,2004,12,-0.059015655,-0.043114456,-0.028425302000000006,-0.030590352999999994,1
300,300,2005,1,0.0456729806,0.0518296468,-0.006363384000000001,0.0520363646,1
301,301,2005,2,0.0218437792,0.0601357616,-0.012089305,0.0339330842,0
302,302,2005,3,0.0155884111,0.027519914500000003,0.0009845397,0.0146038714,0
303,303,2005,4,-0.005824932,0.0152921386,-0.014554497,0.008729565,0
304,304,2005,5,0.015929661,0.0193270312,-0.009859239,0.025788900000000003,1
305,305,2005,6,0.0083750864,0.0131057136,-0.005377205,0.013752291400000002,1
306,306,2005,7,-0.001330037,-0.0008622769999999999,-0.006406485999999999,0.005076448999999999,1
307,307,2005,8,0.0304466209,0.0294919419,0.013335937,0.0171106839,0
308,308,2005,9,0.0247921757,0.0268153762,0.016475648500000002,0.008316527199999996,0
309,309,2005,10,0.0058515578000000006,0.0064211599,0.0007335132,0.005118044600000001,0
310,310,2005,11,0.0102163325,0.0162227045,0.0001016164,0.010114716099999999,1
311,311,2005,12,0.0108303223,-0.002402528,0.0030438761,0.0077864462,0
312,312,2006,1,0.032063723100000004,0.0243442924,0.0407417075,-0.008677984399999998,1
313,313,2006,2,-0.0063699640000000005,-0.019449135,0.008881556,-0.015251520000000001,1
314,314,2006,3,0.0277578929,0.0166333242,0.011863654,0.015894238900000003,0
315,315,2006,4,-0.001040895,0.0038088371,0.0146849417,-0.015725836700000002,0
316,316,2006,5,-0.025258584,-0.025447685,-0.003066383,-0.022192201,0
317,317,2006,6,0.0167391955,0.0106523041,0.0159089524,0.0008302431000000027,0
318,318,2006,7,0.0032163881,0.0032338722,0.0056173084,-0.0024009202999999996,1
319,319,2006,8,-0.026787855,-0.024453328,-0.011876525,-0.014911329999999999,1
320,320,2006,9,0.0031111659,0.0108859544,-0.004362211,0.0074733769,1
321,321,2006,10,-0.035004991,-0.003645947,-0.039808635,0.004803644000000003,1
322,322,2006,11,-0.013699258999999998,-0.006806589,-0.007319546999999998,-0.006379712,0
323,323,2006,12,0.0041041057,0.0183983282,-0.01469911,0.0188032157,1
324,324,2007,1,0.015905999599999998,0.0076089531,0.0105945002,0.0053114993999999974,1
325,325,2007,2,-0.012587003,-0.010341523,-0.01256022,-2.6782999999998974e-05,1
326,326,2007,3,0.024789816800000003,0.0458181261,0.00932601,0.015463806800000004,0
327,327,2007,4,0.0241585408,0.0064060983,0.0262054533,-0.002046912500000001,0
328,328,2007,5,0.005660998100000001,0.0060825039,0.0091123585,-0.0034513604,0
329,329,2007,6,0.0074529339,0.0020933408,0.008409924899999999,-0.000956990999999999,0
330,330,2007,7,0.022598372400000004,0.0072468672,0.0264832572,-0.003884884799999995,0
331,331,2007,8,0.0218886906,0.034437898,-0.0016300370000000002,0.0235187276,1
332,332,2007,9,0.0416735038,0.0554727865,0.0227049816,0.018968522199999997,0
333,333,2007,10,0.0618776649,0.0638628579,0.0395748517,0.0223028132,0
334,334,2007,11,0.0708521288,0.0630849039,0.0534253618,0.017426766999999996,0
335,335,2007,12,0.0492789187,0.06283611110000001,0.0048874811,0.0443914376,0
336,336,2008,1,-0.092012408,-0.111815706,-0.026330782,-0.065681626,1
337,337,2008,2,0.0409425667,0.0333173145,-0.011982514,0.0529250807,1
338,338,2008,3,0.0232382446,0.0378054798,-0.011689618999999998,0.0349278636,0
339,339,2008,4,0.0541073589,0.0603918235,-0.011298896,0.0654062549,1
340,340,2008,5,0.0150660069,0.0437103265,-0.000834235,0.0159002419,0
341,341,2008,6,0.1112605555,0.1268851,0.06397461110000001,0.04728594439999999,0
342,342,2008,7,-0.051628051,-0.044548006,-0.070323618,0.018695567000000003,1
343,343,2008,8,-0.047215623,-0.045725232000000005,-0.027301162,-0.019914460999999998,0
344,344,2008,9,0.00914916,-0.00592257,0.011423165,-0.002274005000000001,0
345,345,2008,10,0.0389994153,0.0462367846,0.043924244800000005,-0.004924829500000005,0
346,346,2008,11,0.08441445060000001,0.1051046783,0.0476207631,0.03679368750000001,0
347,347,2008,12,-0.018742941000000003,-0.001382073,-0.015036772,-0.003706169000000002,1
348,348,2009,1,-0.178600518,-0.156701954,-0.096602875,-0.08199764300000001,1
349,349,2009,2,0.0313038796,0.0519609958,0.0473129851,-0.016009105500000002,0
350,350,2009,3,-0.25778563600000004,-0.234929178,-0.045073757,-0.21271187900000005,1
351,351,2009,4,-0.435762043,-0.400866835,-0.154552468,-0.281209575,1
352,352,2009,5,-0.115416706,-0.219964363,0.050256332,-0.165673038,1
353,353,2009,6,0.0389545847,-0.001443995,0.0253838157,0.013570769000000003,1
354,354,2009,7,0.0228635484,-0.01557801,0.0227589174,0.00010463100000000086,1
355,355,2009,8,-0.090263409,-0.237105244,0.0421468713,-0.13241028030000002,0
356,356,2009,9,0.0352456384,-0.08739827800000001,0.056068625,-0.020822986599999996,0
357,357,2009,10,-0.023521853,0.0203144204,-0.053666898,0.030145045,1
358,358,2009,11,0.055944773,0.0706657725,0.022609844,0.033334929,0
359,359,2009,12,0.0152598982,0.0265791202,0.0019350969,0.0133248013,1
360,360,2010,1,-0.046784394000000014,-0.061654945,-0.018213699,-0.028570695000000014,1
361,361,2010,2,0.0387737374,0.0608218357,-0.0229899,0.0617636374,1
362,362,2010,3,-0.019584789,0.0222725327,-0.040154004,0.020569215000000002,1
363,363,2010,4,-0.053664547,0.0016311669,-0.042817118,-0.010847428999999999,1
364,364,2010,5,0.0178894568,0.0108267795,0.0073320953,0.010557361499999997,1
365,365,2010,6,-0.03313403,-0.006971448000000001,-0.006956510999999999,-0.026177519000000003,0
366,366,2010,7,-0.012019612,0.034162190499999995,-0.044377454,0.032357842,1
367,367,2010,8,0.0157021897,-0.003653113,0.0186170441,-0.0029148544,1
368,368,2010,9,-0.008182143000000001,0.0370276038,-0.062237657,0.054055514,1
369,369,2010,10,0.0122419647,0.0052603886,0.016487575,-0.004245610300000001,0
370,370,2010,11,0.053784392,0.0569748592,0.0070938666,0.0466905254,0
371,371,2010,12,-0.043279115,-0.038913727,-0.040053084,-0.0032260309999999973,1
372,372,2011,1,-0.037299548,-0.03595282,-0.036336467,-0.0009630810000000045,1
373,373,2011,2,0.0376092093,0.0224987267,0.0159485201,0.021660689200000003,0
374,374,2011,3,0.0299263738,0.0512903559,-0.021576422,0.0515027958,1
375,375,2011,4,0.0054990324,0.0158233676,-0.010980958,0.016479990400000002,0
376,376,2011,5,-0.00758241,0.0047482597,-0.013101718,0.005519308,0
377,377,2011,6,0.0170500921,0.0408326468,0.0045711029,0.0124789892,0
378,378,2011,7,0.0159788844,-0.011607803,0.0084513327,0.007527551700000001,1
379,379,2011,8,0.0322146268,0.0161848178,0.0322286143,-1.3987499999999764e-05,1
380,380,2011,9,0.0391047252,-0.021554135,0.0781975331,-0.03909280789999999,0
381,381,2011,10,-0.048471231,0.0481270946,-0.13201352,0.08354228899999999,1
382,382,2011,11,0.07142590480000001,0.0664598083,0.0076798195,0.0637460853,0
383,383,2011,12,0.0235184539,0.0250115156,-0.00495026,0.028468713899999998,0
384,384,2012,1,-0.13167801,-0.109899109,-0.065748245,-0.06592976500000002,1
385,385,2012,2,-0.0053801330000000005,-0.0077173,-0.01508626,0.009706127,1
386,386,2012,3,0.0195035524,0.0194383234,0.0089513172,0.0105522352,0
387,387,2012,4,0.0027673352,0.0396802487,-0.018838569,0.021605904199999998,0
388,388,2012,5,0.028599507000000007,0.0566836367,-0.002653645,0.031253152000000006,0
389,389,2012,6,0.014700595,0.0181489056,-0.004905091,0.019605686,0
390,390,2012,7,0.0224511545,0.0202079651,-0.012239623,0.0346907775,1
391,391,2012,8,0.0121247582,0.015022878799999997,0.0046609855,0.0074637727,1
392,392,2012,9,-0.029282732,-0.023281231,-0.013009193999999998,-0.016273538,1
393,393,2012,10,0.0250713647,0.0400329619,-0.004277575,0.0293489397,1
394,394,2012,11,-0.004715815999999999,0.0069434712,0.0049333993,-0.0096492153,0
395,395,2012,12,-0.008243203000000001,-0.019387737,-0.002062138,-0.006181065000000001,1
396,396,2013,1,-0.000159645,-0.0070944990000000015,-0.006054647,0.005895002,1
397,397,2013,2,0.007236426,0.0144449405,0.0086793862,-0.0014429602000000001,0
398,398,2013,3,0.0468328259,0.0424956978,0.0002410365,0.0465917894,0
399,399,2013,4,0.0239094078,0.0274766454,-0.001374893,0.0252843008,0
400,400,2013,5,0.004139940999999999,-0.022744284,0.0121488187,-0.0080088777,1
401,401,2013,6,0.0362947416,0.0149790145,0.0185397371,0.0177550045,0
402,402,2013,7,-0.007908749,-0.020627052,0.007346059399999999,-0.015254808399999998,1
403,403,2013,8,0.0034122537,-0.01608777,-0.00324654,0.0066587937,1
404,404,2013,9,-0.00108638,0.0005368172,0.0001122576,-0.0011986376,0
405,405,2013,10,-0.000284568,0.0188645961,-0.031108638,0.030824070000000002,0
406,406,2013,11,-0.009947442,0.0144454512,-0.023937405,0.013989962999999998,1
407,407,2013,12,0.0007642097,-0.001529265,-0.008032635,0.0087968447,1
408,408,2014,1,-0.009742583,-0.045441235,-0.000918147,-0.008824436000000001,0
409,409,2014,2,0.0144499333,0.0068007580000000005,0.0021730799,0.012276853400000001,0
410,410,2014,3,0.0086920218,-0.005989343,0.012412312,-0.0037202902000000003,1
411,411,2014,4,-0.021976081,-0.013096048,-0.006476629,-0.015499452,0
412,412,2014,5,0.005823565699999999,0.005098755,-0.009410173,0.015233738699999999,0
413,413,2014,6,-0.008792987,0.0003679488,-0.00405676,-0.004736227,0
414,414,2014,7,0.0028021851,-0.007372053000000002,0.0122505942,-0.0094484091,1
415,415,2014,8,0.0180325385,0.0211473776,-0.015761103999999998,0.0337936425,1
416,416,2014,9,0.0307296738,0.047804195,0.0037029085,0.0270267653,0
417,417,2014,10,0.006357916700000001,0.0289883355,-0.006032561999999999,0.012390478699999999,0
418,418,2014,11,0.06281254780000001,0.0400373793,0.0400546782,0.022757869600000008,0
419,419,2014,12,0.0378501452,0.005747734,0.0563620557,-0.0185119105,0
